Region,External debt stocks (current US$),Debt service (current US$),Principal repayments (current US$)
East Asia & Pacific,1030412110.6666666,483002704.6666667,1240224524.0
Europe & Central Asia,405251198.0,1751644696.0,1886839634.0
Latin America & Caribbean ,1272533698.0,642119276.0,820561277.0
South Asia,171554833.0,1353856069.0,1774172525.0
Sub-Saharan Africa ,989517031.5,1301843507.5,1257685733.0
